id;name;date_created;date_updated
1;Sleek Berkshire initiatives;2020-01-14T09:48:39;2020-01-15T03:41:37
2;Games;2020-01-14T06:43:11;2020-01-14T22:28:22
3;frictionless;2020-01-14T09:34:12;2020-01-14T12:52:35
4;Direct hack;2020-01-14T21:08:00;2020-01-15T01:20:44
5;withdrawal multi-state;2020-01-14T20:39:32;2020-01-14T15:11:32
6;deposit primary Rubber;2020-01-14T21:28:51;2020-01-14T09:44:02
7;panel card;2020-01-14T20:54:19;2020-01-14T19:59:54
8;index;2020-01-14T09:59:34;2020-01-14T13:52:31
9;Keyboard white;2020-01-14T13:22:59;2020-01-14T08:38:06
10;collaborative Global Mountains;2020-01-14T05:50:15;2020-01-14T15:53:25
